"0","# Instalação (se necessário)"
"0","# install.packages(""agricolae"")"
"0",""
"0","# Carregamento do pacote agricolae"
"0","library(agricolae)"
"0",""
"0","# Exemplo de uso: cálculo de AUDPC (área abaixo da curva de progresso da doença)"
"0","dates <- c(14,21,28)"
"0","severity <- c(40,80,90)"
"0","audpc(severity, dates)"
"1","evaluation "
"1","
"
"1","      1015 "
"1","
"
"0","# Gráfico de severidade"
"0","plot(dates, severity, type = ""h"", ylim = c(0, 100), col = ""red"", axes = FALSE)"
