{"chunk_definitions":[{"row":26,"row_count":1,"visible":true,"expansion_state":0,"options":{"engine":"r","label":"unnamed-chunk-24","dev":"png"},"document_id":"56408D5E","chunk_id":"cw5w5ip3te9uo","chunk_label":"unnamed-chunk-1"},{"row":59,"row_count":1,"visible":true,"expansion_state":0,"options":{"engine":"r","label":"unnamed-chunk-25","dev":"png"},"document_id":"56408D5E","chunk_id":"crxsdgkzolfwt","chunk_label":"unnamed-chunk-2"},{"row":323,"row_count":1,"visible":true,"expansion_state":0,"options":{"engine":"r","label":"unnamed-chunk-2","dev":"png"},"document_id":"56408D5E","chunk_id":"cba6675y2pnwz","chunk_label":"unnamed-chunk-12"},{"row":309,"row_count":1,"visible":true,"expansion_state":0,"options":{"engine":"r","label":"unnamed-chunk-8","dev":"png"},"document_id":"56408D5E","chunk_id":"c2nlded841var","chunk_label":"unnamed-chunk-11"}],"doc_write_time":1751978248}