{"chunk_definitions":[{"row":23,"row_count":1,"visible":true,"expansion_state":0,"options":{"engine":"r","label":"unnamed-chunk-13","dev":"png"},"document_id":"1BF5F583","chunk_id":"clm6vqvceyqeh","chunk_label":"unnamed-chunk-1"},{"row":40,"row_count":1,"visible":true,"expansion_state":0,"options":{"engine":"r","label":"unnamed-chunk-10","dev":"png"},"document_id":"1BF5F583","chunk_id":"cmpfeacy2odeo","chunk_label":"unnamed-chunk-2"},{"row":124,"row_count":1,"visible":true,"expansion_state":0,"options":{"engine":"r","label":"unnamed-chunk-8","dev":"png"},"document_id":"1BF5F583","chunk_id":"c4hagqsc6yqp4","chunk_label":"unnamed-chunk-9"}],"doc_write_time":1752068161,"chunk_rendered_width":467}