"0","# Importa a aba desejada (o nome da aba ou índice)
dados <- read_sheet(url)
"
"1","[1m[33mError[39m in `gs4_get_impl_()`:[22m
[38;5;232m[33m![38;5;232m Client error: (400) FAILED_PRECONDITION
[36m•[38;5;232m Request can not be executed in the current
  system state, such as deleting a non-empty
  directory.
[36m•[38;5;232m This operation is not supported for this
  document[39m
[90mRun `]8;;x-r-run:rlang::last_trace()rlang::last_trace()]8;;` to see where the error occurred.[39m
"
