{"chunk_definitions":[{"row":19,"row_count":1,"visible":true,"expansion_state":0,"options":{"engine":"r","label":"unnamed-chunk-9","dev":"png"},"document_id":"DD7FFBB3","chunk_id":"cel2kxz5hxm20","chunk_label":"unnamed-chunk-1"},{"row":25,"row_count":1,"visible":true,"expansion_state":0,"options":{"engine":"r","label":"unnamed-chunk-10","dev":"png"},"document_id":"DD7FFBB3","chunk_id":"cfv3vpatglhc2","chunk_label":"unnamed-chunk-2"},{"row":38,"row_count":1,"visible":true,"expansion_state":0,"options":{"engine":"r","label":"unnamed-chunk-16","dev":"png"},"document_id":"DD7FFBB3","chunk_id":"crgxjhz319swi","chunk_label":"unnamed-chunk-3"}],"doc_write_time":1751977919}