"0","# install.packages(""tidyverse"")"
"0","library(tidyverse)"
"1","── [1mAttaching core tidyverse packages[22m ──────────────────────────────────────────────────── tidyverse 2.0.0 ──
[32m✔[39m [34mdplyr    [39m 1.1.4     [32m✔[39m [34mreadr    [39m 2.1.5
[32m✔[39m [34mforcats  [39m 1.0.0     [32m✔[39m [34mstringr  [39m 1.5.1
[32m✔[39m [34mggplot2  [39m 3.5.2     [32m✔[39m [34mtibble   [39m 3.3.0
[32m✔[39m [34mlubridate[39m 1.9.4     [32m✔[39m [34mtidyr    [39m 1.3.1
[32m✔[39m [34mpurrr    [39m 1.0.4     
"
"1","── [1mConflicts[22m ────────────────────────────────────────────────────────────────────── tidyverse_conflicts() ──
[31m✖[39m [34mdplyr[39m::[32mfilter()[39m masks [34mstats[39m::filter()
[31m✖[39m [34mdplyr[39m::[32mlag()[39m    masks [34mstats[39m::lag()
[36mℹ[39m Use the ]8;;http://conflicted.r-lib.org/conflicted package]8;; to force all conflicts to become errors
"
"0","# Criando um data frame com duas variáveis"
"0","dates <- c(7,14,21,28,35,42)"
"0","severity <- c(0.1,5,10,35,50,60)"
"0","data_curva <- data.frame(dates, severity)"
"0",""
"0","# Gráfico de colunas"
"0","head(data_curva)"
