"0","ggplot(dados, aes(x = tratamento, y = comprimento_lesao)) +  "
"0","  geom_point(color = ""blue"", size = 3, alpha = 0.6) +  # Pontos azuis, tamanho 3, transparência  "
"0","  labs(title = ""Comprimento da Lesão por Tratamento"",  # Títulos  "
"0","       x = ""Tratamento"",  "
"0","       y = ""Comprimento (mm)"")  "
"1","[1m[33mError[39m in `geom_point()`:[22m
[38;5;232m[33m![38;5;232m Problem while computing aesthetics.
[36mℹ[38;5;232m Error occurred in the 1st layer.[39m
[1mCaused by error:[22m
[33m![39m object 'comprimento_lesao' not found
[90mRun `]8;;x-r-run:rlang::last_trace()rlang::last_trace()]8;;` to see where the error occurred.[39m
"
