"0",""
"0","dat_mg <- gsheet2tbl(""https://docs.google.com/spreadsheets/d/1bq2N19DcZdtax2fQW9OHSGMR0X2__Z9T/edit?gid=983033137#gid=983033137"")"
"0","dat_mg |>"
"0","  ggplot(aes(x = trat, y = comp)) +"
"0","  geom_point(width = 0.1, size = 2, alpha = 0.7, color = ""orange"") +"
"0","  labs(title = ""Dispersão com Point - dat_mg"","
"0","       x = ""Tratamento"","
"0","       y = ""Controle"") +"
"0","  theme_minimal()"
"2","Warning in geom_point(width = 0.1, size = 2, alpha = 0.7, color = ""orange"") :"
"2","
 "
"2"," [38;5;232mIgnoring unknown parameters: `width`[39m
"
