{"chunk_definitions":[{"row":26,"row_count":1,"visible":true,"expansion_state":0,"options":{"engine":"r","label":"unnamed-chunk-1","dev":"png"},"document_id":"0265FB22","chunk_id":"co7tppklth6hr","chunk_label":"unnamed-chunk-1"},{"row":59,"row_count":1,"visible":true,"expansion_state":0,"options":{"engine":"r","label":"unnamed-chunk-2","dev":"png"},"document_id":"A28B467F","chunk_id":"cnuh9ji2045z6","chunk_label":"unnamed-chunk-2"},{"row":83,"row_count":1,"visible":true,"expansion_state":0,"options":{"engine":"r","label":"unnamed-chunk-3","dev":"png"},"document_id":"0265FB22","chunk_id":"cggz8jnkbovr3","chunk_label":"unnamed-chunk-3"},{"row":120,"row_count":1,"visible":true,"expansion_state":0,"options":{"engine":"r","label":"unnamed-chunk-4","dev":"png"},"document_id":"0265FB22","chunk_id":"cfo8yxs38503m","chunk_label":"unnamed-chunk-4"},{"row":150,"row_count":1,"visible":true,"expansion_state":0,"options":{"engine":"r","label":"unnamed-chunk-5","dev":"png"},"document_id":"0265FB22","chunk_id":"c35xf0qrmut46","chunk_label":"unnamed-chunk-5"},{"row":180,"row_count":1,"visible":true,"expansion_state":0,"options":{"engine":"r","label":"unnamed-chunk-6","dev":"png"},"document_id":"0265FB22","chunk_id":"cf3dodqxupqxi","chunk_label":"unnamed-chunk-6"},{"row":210,"row_count":1,"visible":true,"expansion_state":0,"options":{"engine":"r","label":"unnamed-chunk-13","dev":"png"},"document_id":"0265FB22","chunk_id":"c5408wdiot3jo","chunk_label":"unnamed-chunk-7"}],"doc_write_time":1750857056,"chunk_rendered_width":700}