{"chunk_definitions":[{"row":347,"row_count":1,"visible":true,"expansion_state":0,"options":{"engine":"r","label":"unnamed-chunk-12","dev":"png"},"document_id":"9712431C","chunk_id":"cfzundrgq1o9g","chunk_label":"unnamed-chunk-42"},{"row":358,"row_count":1,"visible":true,"expansion_state":0,"options":{"engine":"r","label":"unnamed-chunk-13","dev":"png"},"document_id":"9712431C","chunk_id":"c3j2pve3vj233","chunk_label":"unnamed-chunk-43"},{"row":368,"row_count":1,"visible":true,"expansion_state":0,"options":{"engine":"r","label":"unnamed-chunk-19","dev":"png"},"document_id":"9712431C","chunk_id":"ckurthmlxoi2o","chunk_label":"unnamed-chunk-44"},{"row":404,"row_count":1,"visible":true,"expansion_state":0,"options":{"engine":"r","label":"unnamed-chunk-9","dev":"png"},"document_id":"9712431C","chunk_id":"cr5ao8an6n9jc","chunk_label":"unnamed-chunk-51"},{"row":408,"row_count":1,"visible":true,"expansion_state":0,"options":{"engine":"r","label":"unnamed-chunk-43","dev":"png"},"document_id":"9712431C","chunk_id":"c9sg8i6vm0b49","chunk_label":"unnamed-chunk-52"},{"row":413,"row_count":1,"visible":true,"expansion_state":0,"options":{"engine":"r","label":"unnamed-chunk-44","dev":"png"},"document_id":"9712431C","chunk_id":"cqsaxj0qfo7i9","chunk_label":"unnamed-chunk-53"},{"row":417,"row_count":1,"visible":true,"expansion_state":0,"options":{"engine":"r","label":"unnamed-chunk-45","dev":"png"},"document_id":"9712431C","chunk_id":"ccurx84p0mrx3","chunk_label":"unnamed-chunk-54"},{"row":421,"row_count":1,"visible":true,"expansion_state":0,"options":{"engine":"r","label":"unnamed-chunk-46","dev":"png"},"document_id":"9712431C","chunk_id":"cvxrbcuu1bgwv","chunk_label":"unnamed-chunk-55"},{"row":438,"row_count":1,"visible":true,"expansion_state":0,"options":{"engine":"r","label":"unnamed-chunk-47","dev":"png"},"document_id":"9712431C","chunk_id":"c8xeimzvnh7cr","chunk_label":"unnamed-chunk-56"},{"row":445,"row_count":1,"visible":true,"expansion_state":0,"options":{"engine":"r","label":"unnamed-chunk-48","dev":"png"},"document_id":"9712431C","chunk_id":"cun37m0j6cl3z","chunk_label":"unnamed-chunk-57"},{"row":473,"row_count":1,"visible":true,"expansion_state":0,"options":{"engine":"r","label":"unnamed-chunk-76","dev":"png"},"document_id":"9712431C","chunk_id":"cbpkmz95uofio","chunk_label":"unnamed-chunk-59"},{"row":481,"row_count":1,"visible":true,"expansion_state":0,"options":{"engine":"r","label":"unnamed-chunk-56","dev":"png"},"document_id":"9712431C","chunk_id":"cirrrp7j4x3hf","chunk_label":"unnamed-chunk-60"},{"row":485,"row_count":1,"visible":true,"expansion_state":0,"options":{"engine":"r","label":"unnamed-chunk-57","dev":"png"},"document_id":"9712431C","chunk_id":"csmih5rdeb5c0","chunk_label":"unnamed-chunk-61"},{"row":489,"row_count":1,"visible":true,"expansion_state":0,"options":{"engine":"r","label":"unnamed-chunk-58","dev":"png"},"document_id":"9712431C","chunk_id":"c944apvldacx5","chunk_label":"unnamed-chunk-62"},{"row":499,"row_count":1,"visible":true,"expansion_state":0,"options":{"engine":"r","label":"unnamed-chunk-74","dev":"png"},"document_id":"9712431C","chunk_id":"cv91ct4abaqn3","chunk_label":"unnamed-chunk-63"},{"row":505,"row_count":1,"visible":true,"expansion_state":0,"options":{"engine":"r","label":"unnamed-chunk-61","dev":"png"},"document_id":"9712431C","chunk_id":"clly0c4flxmoi","chunk_label":"unnamed-chunk-64"},{"row":518,"row_count":1,"visible":true,"expansion_state":0,"options":{"engine":"r","label":"unnamed-chunk-22","dev":"png"},"document_id":"9712431C","chunk_id":"c2ax4kgs2ahf4","chunk_label":"unnamed-chunk-65"},{"row":533,"row_count":1,"visible":true,"expansion_state":0,"options":{"engine":"r","label":"unnamed-chunk-6","dev":"png"},"document_id":"9712431C","chunk_id":"cvdvokpi8a90t","chunk_label":"unnamed-chunk-66"},{"row":541,"row_count":1,"visible":true,"expansion_state":0,"options":{"engine":"r","label":"unnamed-chunk-4","dev":"png"},"document_id":"9712431C","chunk_id":"conjyvuccfews","chunk_label":"unnamed-chunk-67"},{"row":545,"row_count":1,"visible":true,"expansion_state":0,"options":{"engine":"r","label":"unnamed-chunk-20","dev":"png"},"document_id":"9712431C","chunk_id":"cfp1s4v0x2n91","chunk_label":"unnamed-chunk-68"},{"row":556,"row_count":1,"visible":true,"expansion_state":0,"options":{"engine":"r","label":"unnamed-chunk-23","dev":"png"},"document_id":"9712431C","chunk_id":"clekaj6leoc5k","chunk_label":"unnamed-chunk-69"},{"row":560,"row_count":1,"visible":true,"expansion_state":0,"options":{"engine":"r","label":"unnamed-chunk-24","dev":"png"},"document_id":"9712431C","chunk_id":"cw4a7hbocnahp","chunk_label":"unnamed-chunk-70"},{"row":571,"row_count":1,"visible":true,"expansion_state":0,"options":{"engine":"r","label":"unnamed-chunk-25","dev":"png"},"document_id":"9712431C","chunk_id":"cw3avmooxcj8q","chunk_label":"unnamed-chunk-72"}],"doc_write_time":1752090352,"chunk_rendered_width":400}