{"chunk_definitions":[{"row":44,"row_count":1,"visible":true,"expansion_state":0,"options":{"engine":"r","label":"unnamed-chunk-35","dev":"png"},"document_id":"CF60CE11","chunk_id":"c51am8nfrlgkl","chunk_label":"unnamed-chunk-1"},{"row":54,"row_count":1,"visible":true,"expansion_state":0,"options":{"engine":"r","label":"unnamed-chunk-63","dev":"png"},"document_id":"CF60CE11","chunk_id":"c0hpwzmwhsrva","chunk_label":"unnamed-chunk-2"},{"row":162,"row_count":1,"visible":true,"expansion_state":0,"options":{"engine":"r","label":"unnamed-chunk-2","dev":"png"},"document_id":"CF60CE11","chunk_id":"cq0tzv6iv6e7a","chunk_label":"unnamed-chunk-8"},{"row":201,"row_count":1,"visible":true,"expansion_state":0,"options":{"engine":"r","label":"unnamed-chunk-1","dev":"png"},"document_id":"CF60CE11","chunk_id":"c3ivsnzlb15bs","chunk_label":"unnamed-chunk-11"}],"doc_write_time":1751996197,"chunk_rendered_width":503}