{"chunk_definitions":[{"row":28,"row_count":1,"visible":true,"expansion_state":0,"options":{"engine":"r","label":"unnamed-chunk-11","dev":"png"},"document_id":"2F961008","chunk_id":"cf0yf7ve2n3va","chunk_label":"unnamed-chunk-1"},{"row":36,"row_count":1,"visible":true,"expansion_state":0,"options":{"engine":"r","label":"unnamed-chunk-12","dev":"png"},"document_id":"2F961008","chunk_id":"ciu4bse1cww2k","chunk_label":"unnamed-chunk-2"},{"row":47,"row_count":1,"visible":true,"expansion_state":0,"options":{"engine":"r","label":"unnamed-chunk-13","dev":"png"},"document_id":"2F961008","chunk_id":"cjrxej2qf82gv","chunk_label":"unnamed-chunk-3"},{"row":72,"row_count":1,"visible":true,"expansion_state":0,"options":{"engine":"r","label":"unnamed-chunk-14","dev":"png"},"document_id":"2F961008","chunk_id":"cn55bn0ta2ruh","chunk_label":"unnamed-chunk-4"},{"row":76,"row_count":1,"visible":true,"expansion_state":0,"options":{"engine":"r","label":"unnamed-chunk-15","dev":"png"},"document_id":"2F961008","chunk_id":"cxgmjpfaypwpj","chunk_label":"unnamed-chunk-5"},{"row":81,"row_count":1,"visible":true,"expansion_state":0,"options":{"engine":"r","label":"unnamed-chunk-16","dev":"png"},"document_id":"2F961008","chunk_id":"cq2ajwh30a0z8","chunk_label":"unnamed-chunk-6"},{"row":88,"row_count":1,"visible":true,"expansion_state":0,"options":{"engine":"r","label":"unnamed-chunk-17","dev":"png"},"document_id":"2F961008","chunk_id":"ciutntwttjy51","chunk_label":"unnamed-chunk-7"},{"row":92,"row_count":1,"visible":true,"expansion_state":0,"options":{"engine":"r","label":"unnamed-chunk-18","dev":"png"},"document_id":"2F961008","chunk_id":"cuorsyahf3dsv","chunk_label":"unnamed-chunk-8"},{"row":96,"row_count":1,"visible":true,"expansion_state":0,"options":{"engine":"r","label":"unnamed-chunk-20","dev":"png"},"document_id":"2F961008","chunk_id":"cv7s50qph2st0","chunk_label":"unnamed-chunk-9"},{"row":110,"row_count":1,"visible":true,"expansion_state":0,"options":{"engine":"r","label":"unnamed-chunk-21","dev":"png"},"document_id":"2F961008","chunk_id":"cyj72z5non937","chunk_label":"unnamed-chunk-10"},{"row":118,"row_count":1,"visible":true,"expansion_state":0,"options":{"engine":"r","label":"unnamed-chunk-22","dev":"png"},"document_id":"2F961008","chunk_id":"cmm0fb72f0s8u","chunk_label":"unnamed-chunk-11"},{"row":125,"row_count":1,"visible":true,"expansion_state":0,"options":{"engine":"r","label":"unnamed-chunk-23","dev":"png"},"document_id":"2F961008","chunk_id":"cy9b520mvwhup","chunk_label":"unnamed-chunk-12"},{"row":129,"row_count":1,"visible":true,"expansion_state":0,"options":{"engine":"r","label":"unnamed-chunk-24","dev":"png"},"document_id":"2F961008","chunk_id":"c42gvqx7ptrew","chunk_label":"unnamed-chunk-13"},{"row":133,"row_count":1,"visible":true,"expansion_state":0,"options":{"engine":"r","label":"unnamed-chunk-25","dev":"png"},"document_id":"2F961008","chunk_id":"cxphlokembd6c","chunk_label":"unnamed-chunk-14"},{"row":154,"row_count":1,"visible":true,"expansion_state":0,"options":{"engine":"r","label":"unnamed-chunk-26","dev":"png"},"document_id":"2F961008","chunk_id":"c0grv4vfma3li","chunk_label":"unnamed-chunk-15"},{"row":158,"row_count":1,"visible":true,"expansion_state":0,"options":{"engine":"r","label":"unnamed-chunk-27","dev":"png"},"document_id":"2F961008","chunk_id":"ciysqxkywumsw","chunk_label":"unnamed-chunk-16"},{"row":162,"row_count":1,"visible":true,"expansion_state":0,"options":{"engine":"r","label":"unnamed-chunk-28","dev":"png"},"document_id":"2F961008","chunk_id":"c3k2r6qwa81ut","chunk_label":"unnamed-chunk-17"},{"row":185,"row_count":1,"visible":true,"expansion_state":0,"options":{"engine":"r","label":"unnamed-chunk-31","dev":"png"},"document_id":"2F961008","chunk_id":"ccqrxhmsgh2cv","chunk_label":"unnamed-chunk-20"},{"row":200,"row_count":1,"visible":true,"expansion_state":0,"options":{"engine":"r","label":"unnamed-chunk-34","dev":"png"},"document_id":"2F961008","chunk_id":"ceggb1p8efehh","chunk_label":"unnamed-chunk-23"},{"row":193,"row_count":1,"visible":true,"expansion_state":0,"options":{"engine":"r","label":"unnamed-chunk-33","dev":"png"},"document_id":"2F961008","chunk_id":"cixnt7y5u7mqu","chunk_label":"unnamed-chunk-22"},{"row":204,"row_count":1,"visible":true,"expansion_state":0,"options":{"engine":"r","label":"unnamed-chunk-35","dev":"png"},"document_id":"2F961008","chunk_id":"csfmsr5ig47t7","chunk_label":"unnamed-chunk-24"},{"row":189,"row_count":1,"visible":true,"expansion_state":0,"options":{"engine":"r","label":"unnamed-chunk-32","dev":"png"},"document_id":"2F961008","chunk_id":"cakjgsusgv5e3","chunk_label":"unnamed-chunk-21"},{"row":210,"row_count":1,"visible":true,"expansion_state":0,"options":{"engine":"r","label":"unnamed-chunk-36","dev":"png"},"document_id":"2F961008","chunk_id":"cturgwxc9lvm7","chunk_label":"unnamed-chunk-25"},{"row":176,"row_count":1,"visible":true,"expansion_state":0,"options":{"engine":"r","label":"unnamed-chunk-30","dev":"png"},"document_id":"2F961008","chunk_id":"cj57cytao42cz","chunk_label":"unnamed-chunk-19"},{"row":170,"row_count":1,"visible":true,"expansion_state":0,"options":{"engine":"r","label":"unnamed-chunk-29","dev":"png"},"document_id":"2F961008","chunk_id":"cvr43y7jqbfcj","chunk_label":"unnamed-chunk-18"},{"row":221,"row_count":1,"visible":true,"expansion_state":0,"options":{"engine":"r","label":"unnamed-chunk-37","dev":"png"},"document_id":"2F961008","chunk_id":"cy44pxln5homr","chunk_label":"unnamed-chunk-26"},{"row":225,"row_count":1,"visible":true,"expansion_state":0,"options":{"engine":"r","label":"unnamed-chunk-38","dev":"png"},"document_id":"2F961008","chunk_id":"cixjdbjglqysj","chunk_label":"unnamed-chunk-27"},{"row":230,"row_count":1,"visible":true,"expansion_state":0,"options":{"engine":"r","label":"unnamed-chunk-39","dev":"png"},"document_id":"2F961008","chunk_id":"ca1r3ljjy55ew","chunk_label":"unnamed-chunk-28"}],"doc_write_time":1752077166}