"0","milho$block <- as.factor(milho$block)"
"2","Warning:"
"2"," Unknown or uninitialised column: `block`.
"
"1","[1m[33mError[39m in `$<-`:[22m
[38;5;232m[33m![38;5;232m Assigned data `as.factor(milho$block)` must be
  compatible with existing data.
[31m✖[38;5;232m Existing data has 90 rows.
[31m✖[38;5;232m Assigned data has 0 rows.
[36mℹ[38;5;232m Only vectors of size 1 are recycled.[39m
[1mCaused by error in `vectbl_recycle_rhs_rows()`:[22m
[33m![39m Can't recycle input of size 0 to size 90.
[90mRun `]8;;x-r-run:rlang::last_trace()rlang::last_trace()]8;;` to see where the error occurred.[39m
"
