{"chunk_definitions":[{"row":46,"row_count":1,"visible":true,"expansion_state":0,"options":{"engine":"r","label":"unnamed-chunk-5","dev":"png"},"document_id":"AAB67E30","chunk_id":"c6ward37ieu73","chunk_label":"unnamed-chunk-1"},{"row":57,"row_count":1,"visible":true,"expansion_state":0,"options":{"engine":"r","label":"unnamed-chunk-6","dev":"png"},"document_id":"AAB67E30","chunk_id":"ct6kaypwi3dal","chunk_label":"unnamed-chunk-2"},{"row":84,"row_count":1,"visible":true,"expansion_state":0,"options":{"engine":"r","label":"unnamed-chunk-8","dev":"png"},"document_id":"AAB67E30","chunk_id":"clp3xvf6kwcrf","chunk_label":"unnamed-chunk-3"},{"row":197,"row_count":1,"visible":true,"expansion_state":0,"options":{"engine":"r","label":"unnamed-chunk-21","dev":"png"},"document_id":"AAB67E30","chunk_id":"chlptskn8cpuc","chunk_label":"unnamed-chunk-7"},{"row":220,"row_count":1,"visible":true,"expansion_state":0,"options":{"engine":"r","label":"unnamed-chunk-3","dev":"png"},"document_id":"AAB67E30","chunk_id":"cdtnxiyd0uhfc","chunk_label":"unnamed-chunk-9"},{"row":271,"row_count":1,"visible":true,"expansion_state":0,"options":{"engine":"r","label":"unnamed-chunk-14","dev":"png"},"document_id":"AAB67E30","chunk_id":"cn91s10f5jhrm","chunk_label":"unnamed-chunk-12"},{"row":277,"row_count":1,"visible":true,"expansion_state":0,"options":{"engine":"r","label":"unnamed-chunk-15","dev":"png"},"document_id":"AAB67E30","chunk_id":"cs6aydn7gdo99","chunk_label":"unnamed-chunk-13"},{"row":285,"row_count":1,"visible":true,"expansion_state":0,"options":{"engine":"r","label":"unnamed-chunk-16","dev":"png"},"document_id":"AAB67E30","chunk_id":"cxo4y5n4ybchx","chunk_label":"unnamed-chunk-14"},{"row":291,"row_count":1,"visible":true,"expansion_state":0,"options":{"engine":"r","label":"unnamed-chunk-17","dev":"png"},"document_id":"AAB67E30","chunk_id":"c9sp8np768bah","chunk_label":"unnamed-chunk-15"},{"row":330,"row_count":1,"visible":true,"expansion_state":0,"options":{"engine":"r","label":"unnamed-chunk-38","dev":"png"},"document_id":"AAB67E30","chunk_id":"cehu5swwph29q","chunk_label":"unnamed-chunk-16"},{"row":334,"row_count":1,"visible":true,"expansion_state":0,"options":{"engine":"r","label":"unnamed-chunk-41","dev":"png"},"document_id":"AAB67E30","chunk_id":"cyrqdad7wbdbi","chunk_label":"unnamed-chunk-17"},{"row":353,"row_count":1,"visible":true,"expansion_state":0,"options":{"engine":"r","label":"unnamed-chunk-43","dev":"png"},"document_id":"AAB67E30","chunk_id":"cn4wcgfgnvti8","chunk_label":"unnamed-chunk-18"}],"doc_write_time":1752069619,"chunk_rendered_width":400}